Code_commune_INSEE;Nom_commune;Code_postal;Ligne_5;Libell√©_d_acheminement;coordonnees_gps
02547;LA NEUVILLE HOUSSET;02250;;LA NEUVILLE HOUSSET;49.7881379377,3.73171627307
02554;NOGENTEL;02400;;NOGENTEL;49.0140758623,3.40340404208
02559;NOUVION ET CATILLON;02270;PONT A BUCY;NOUVION ET CATILLON;49.7075667391,3.49359729343
02562;NOUVRON VINGRE;02290;;NOUVRON VINGRE;49.4333492,3.18803179842
02569;OISY;02450;;OISY;50.0229089259,3.65273893683
02552;NEUVILLETTE;02390;;NEUVILLETTE;49.8554002239,3.46831298648
02575;ORIGNY STE BENOITE;02390;;ORIGNY STE BENOITE;49.8268502674,3.52909324665
02559;NOUVION ET CATILLON;02270;;NOUVION ET CATILLON;49.7075667391,3.49359729343
02578;OULCHES LA VALLEE FOULON;02160;;OULCHES LA VALLEE FOULON;49.4311311984,3.73966290896
02560;NOUVION LE COMTE;02800;;NOUVION LE COMTE;49.7079830783,3.46084868911
02580;OULCHY LE CHATEAU;02210;;OULCHY LE CHATEAU;49.2070701806,3.38202413773
02564;NOYANT ET ACONIN;02200;;NOYANT ET ACONIN;49.3319620657,3.33416303776
02585;PARCY ET TIGNY;02210;;PARCY ET TIGNY;49.2703704352,3.32906709704
02567;OHIS;02500;;OHIS;49.9184307239,4.01170912127
02591;PARGNY LES BOIS;02270;;PARGNY LES BOIS;49.7323072713,3.61788330529
02570;OLLEZY;02480;;OLLEZY;49.729996536,3.14607261695
02593;PASLY;02200;;PASLY;49.4022800131,3.29799527999
02576;OSLY COURTIL;02290;;OSLY COURTIL;49.3995301311,3.23736511582
02607;PLOISY;02200;;PLOISY;49.330941238,3.27456677749
02587;PARFONDRU;02840;;PARFONDRU;49.5385213412,3.70351915315
02614;PONTRU;02490;;PONTRU;49.921599489,3.20120191987
02588;PARGNAN;02160;;PARGNAN;49.3942391486,3.70308940891
02622;PRIEZ;02470;;PRIEZ;49.1306197467,3.26280717645
02590;PARGNY LA DHUYS;02330;;PARGNY LA DHUYS;48.9545509576,3.56357370593
02624;PROISY;02120;;PROISY;49.8906172484,3.75241120947
02605;PLEINE SELVE;02240;;PLEINE SELVE;49.7965883398,3.5260425643
02634;RAILLIMONT;02360;;RAILLIMONT;49.701759318,4.15934737957
02608;PLOMION;02140;;PLOMION;49.8188816623,4.01999597737
02651;ROGECOURT;02800;;ROGECOURT;49.6492919859,3.41550074354
02618;PREMONT;02110;;PREMONT;50.0143067533,3.39725258008
02655;RONCHERES;02130;;RONCHERES;49.1398358197,3.60245169493
02620;PRESLES ET BOVES;02370;;PRESLES ET BOVES;49.3900726835,3.54013980029
02657;ROUGERIES;02140;;ROUGERIES;49.8056045885,3.78694787331
02623;PRISCES;02140;;PRISCES;49.7721688271,3.86274146906
02663;ROZIERES SUR CRISE;02200;;ROZIERES SUR CRISE;49.3227443516,3.37101592804
02626;PROUVAIS;02190;;PROUVAIS;49.4760906978,3.97215349857
02666;ROZOY SUR SERRE;02360;;ROZOY SUR SERRE;49.706447861,4.13134010865
02635;RAMICOURT;02110;;RAMICOURT;49.9579684711,3.33105686967
02678;STE GENEVIEVE;02340;;STE GENEVIEVE;49.7247039611,4.07368196391
02643;RESSONS LE LONG;02290;;RESSONS LE LONG;49.3881779495,3.1411755288
02687;ST PIERRE AIGLE;02600;;ST PIERRE AIGLE;49.3121621719,3.19602649155
02645;REUILLY SAUVIGNY;02850;;REUILLY SAUVIGNY;49.0506024106,3.56448771259
02693;ST REMY BLANZY;02210;;ST REMY BLANZY;49.2457583592,3.30773725902
02649;ROCOURT ST MARTIN;02210;;ROCOURT ST MARTIN;49.1453872803,3.3891401292
02698;SANCY LES CHEMINOTS;02880;;SANCY LES CHEMINOTS;49.4393806827,3.47649552313
02670;ST ALGIS;02260;;ST ALGIS;49.8944330304,3.82546447463
02703;SEBONCOURT;02110;;SEBONCOURT;49.9626066437,3.49425998163
02672;ST BANDRY;02290;;ST BANDRY;49.3638994868,3.14949009826
02704;SELENS;02300;;SELENS;49.4943706034,3.20586043656
02675;STE CROIX;02820;;STE CROIX;49.4800538584,3.78129682642
02705;LA SELVE;02150;;LA SELVE;49.5698786702,3.99524867672
02676;ST ERME OUTRE ET RAMECOURT;02820;;ST ERME OUTRE ET RAMECOURT;49.5182833727,3.86386406835
02710;SERAUCOURT LE GRAND;02790;;SERAUCOURT LE GRAND;49.780519235,3.21829749297
02680;ST GOBAIN;02410;;ST GOBAIN;49.5953887213,3.39411143672
02718;SILLY LA POTERIE;02460;;SILLY LA POTERIE;49.1959898805,3.15010276155
02681;ST GOBERT;02140;;ST GOBERT;49.8037605968,3.83219152047
02723;SOIZE;02340;;SOIZE;49.6977848851,4.08583269025
02685;ST NICOLAS AUX BOIS;02410;;ST NICOLAS AUX BOIS;49.5970302282,3.43898003392
02734;TAILLEFONTAINE;02600;;TAILLEFONTAINE;49.3099328056,3.04962539056
02695;ST THIBAUT;02220;;ST THIBAUT;49.2891405131,3.61650327087
02735;TANNIERES;02220;;TANNIERES;49.2873370949,3.55040892873
02699;SAPONAY;02130;;SAPONAY;49.2143831516,3.48437985358
02736;TARTIERS;02290;;TARTIERS;49.4400811642,3.23156556276
02701;SAULCHERY;02310;;SAULCHERY;48.9756405479,3.31260850509
02738;TERGNIER;02700;VOUEL;TERGNIER;49.6572646109,3.29924077478
02716;SERVAIS;02700;;SERVAIS;49.6194083182,3.34197325752
02744;TORCY EN VALOIS;02810;;TORCY EN VALOIS;49.0828638075,3.27358839647
02720;SISSONNE;02150;;SISSONNE;49.5639648451,3.92032139579
02746;TRAVECY;02800;;TRAVECY;49.6858217171,3.34481845935
02728;SORBAIS;02580;;SORBAIS;49.9137614487,3.88302482521
02750;TROSLY LOIRE;02300;;TROSLY LOIRE;49.5175794818,3.23167717474
02749;TROESNES;02460;;TROESNES;49.1981484588,3.1768274022
02763;VASSENY;02220;;VASSENY;49.3556275252,3.48910249175
02754;UGNY LE GAY;02300;;UGNY LE GAY;49.6610045264,3.15663213439
02764;VASSOGNE;02160;;VASSOGNE;49.4200443432,3.72979191104
02757;VADENCOURT;02120;;VADENCOURT;49.9229771613,3.57386118846
02765;VAUCELLES ET BEFFECOURT;02000;;VAUCELLES ET BEFFECOURT;49.5206900038,3.55877460724
02758;VAILLY SUR AISNE;02370;;VAILLY SUR AISNE;49.4108623288,3.52012059802
02772;VAUX EN VERMANDOIS;02590;;VAUX EN VERMANDOIS;49.8238668444,3.13578987374
02759;LA VALLEE AU BLE;02140;;LA VALLEE AU BLE;49.8571725081,3.794382858
02773;VAUXTIN;02220;;VAUXTIN;49.3454673056,3.60165884249
02779;VENEROLLES;02510;;VENEROLLES;49.9903433031,3.63008652624
02775;VENDEUIL;02800;;VENDEUIL;49.719870808,3.3449169008
02780;VENIZEL;02200;;VENIZEL;49.3676425771,3.39248543249
02777;VENDIERES;02540;;VENDIERES;48.8731710961,3.44301787703
02794;VEZILLY;02130;;VEZILLY;49.1874443601,3.68274149419
02781;VERDILLY;02400;;VERDILLY;49.0744862502,3.42189905232
02802;LA VILLE AUX BOIS LES DIZY;02340;;LA VILLE AUX BOIS LES DIZY;49.6626572968,3.98152083729
02783;GRAND VERLY;02120;;GRAND VERLY;49.9434199886,3.58138282505
02803;LA VILLE AUX BOIS LES PONTAVERT;02160;;LA VILLE AUX BOIS LES PONTAVERT;49.4265972983,3.85108262844
02785;VERMAND;02490;;VERMAND;49.8839098456,3.15146515668
02807;VILLEQUIER AUMONT;02300;;VILLEQUIER AUMONT;49.6606240148,3.19834244186
02801;VIGNEUX HOCQUET;02340;;VIGNEUX HOCQUET;49.7440393657,3.99489165596
02812;VILLERS HELON;02600;;VILLERS HELON;49.2649355463,3.26786134731
02804;VILLEMONTOIRE;02210;;VILLEMONTOIRE;49.3000199564,3.32189672243
02826;VOULPAIX;02140;;VOULPAIX;49.8387507375,3.83266238617
02805;VILLENEUVE ST GERMAIN;02200;;VILLENEUVE ST GERMAIN;49.3789013616,3.36175815803
02827;VOYENNE;02250;;VOYENNE;49.7158793314,3.73841251024
02806;VILLENEUVE SUR FERE;02130;;VILLENEUVE SUR FERE;49.1706936984,3.47593842959
02831;WATIGNY;02830;;WATIGNY;49.9163639357,4.20040317785
02809;VILLERS AGRON AIGUIZY;02130;;VILLERS AGRON AIGUIZY;49.1632072457,3.71636244573
03006;ARFEUILLES;03120;;ARFEUILLES;46.1431515084,3.74329110559
02819;VINCY REUIL ET MAGNY;02340;;VINCY REUIL ET MAGNY;49.7140295341,4.04512127967
03017;BARRAIS BUSSOLLES;03120;;BARRAIS BUSSOLLES;46.2837408507,3.69766013244
02822;VIVIERES;02600;;VIVIERES;49.3051885401,3.09196075945
03028;BILLEZOIS;03120;;BILLEZOIS;46.2094826701,3.57688265252
02834;WISSIGNICOURT;02320;;WISSIGNICOURT;49.5301896159,3.44102073707
03029;BILLY;03260;;BILLY;46.2315363963,3.43994128747
03008;ARRONNES;03250;;ARRONNES;46.0520854633,3.57527535836
03039;BRESNAY;03210;;BRESNAY;46.4335692397,3.24899330539
03012;AUTRY ISSARDS;03210;;AUTRY ISSARDS;46.5445755503,3.12273629246
03049;CESSET;03500;;CESSET;46.2993847548,3.19908944342
03014;AVRILLY;03130;;AVRILLY;46.332137774,3.96662161873
03054;CHAPEAU;03340;;CHAPEAU;46.4922208672,3.51548779612
03051;CHAMBERAT;03370;;CHAMBERAT;46.4139665556,2.42552132856
03056;LA CHAPELLE;03300;;LA CHAPELLE;46.0889341496,3.5877712092
03052;CHAMBLET;03170;;CHAMBLET;46.3283879186,2.71331446339
03057;LA CHAPELLE AUX CHASSES;03230;;LA CHAPELLE AUX CHASSES;46.6598285232,3.53021703178
03068;CHATELUS;03120;;CHATELUS;46.1980382828,3.72511111092
03060;CHARMEIL;03110;;CHARMEIL;46.1598815241,3.39334670689
03087;COULEUVRE;03320;;COULEUVRE;46.6740683179,2.89685534446
03067;CHATELPERRON;03220;;CHATELPERRON;46.3968658739,3.63313760873
03090;COUZON;03160;;COUZON;46.6443750911,3.11347416578
03077;CHIRAT L EGLISE;03330;;CHIRAT L EGLISE;46.2460009301,3.03251610569
03107;EBREUIL;03450;;EBREUIL;46.1176543632,3.07363121151
03079;CINDRE;03220;;CINDRE;46.3230930256,3.55110289744
03113;FERRIERES SUR SICHON;03250;;FERRIERES SUR SICHON;46.0200050808,3.64850064576
03082;COMMENTRY;03600;;COMMENTRY;46.2787466852,2.74916734673
03116;FOURILLES;03140;;FOURILLES;46.2438583922,3.19784046802
03083;CONTIGNY;03500;;CONTIGNY;46.3463711102,3.31483781041
03132;JALIGNY SUR BESBRE;03220;;JALIGNY SUR BESBRE;46.3770497759,3.59029838546
03085;COULANDON;03000;;COULANDON;46.5546535461,3.24541387326
03134;LAFELINE;03500;;LAFELINE;46.3446298238,3.17548675407
03086;COULANGES;03470;;COULANGES;46.4751096526,3.86330653833
03141;LAVOINE;03250;;LAVOINE;45.9741706627,3.68733506061
03091;CRECHY;03150;;CRECHY;46.2696885601,3.42387984399
03151;LOUROUX DE BEAUNE;03600;;LOUROUX DE BEAUNE;46.2996042062,2.85942062102
03095;CUSSET;03300;;CUSSET;46.1377738304,3.48296708451
03168;MEAULNE VITRAY;03360;VITRAY;MEAULNE VITRAY;46.5959256579,2.62022117679
03099;DEUX CHAISES;03240;;DEUX CHAISES;46.3749069193,3.04059198306
03170;MEILLERS;03210;;MEILLERS;46.5132615599,3.10267194059
03100;DIOU;03290;;DIOU;46.5226236257,3.7367345302
03182;MONTEIGNET SUR L ANDELOT;03800;;MONTEIGNET SUR L ANDELOT;46.1150007655,3.24811283769
03101;DOMERAT;03410;;DOMERAT;46.3681510176,2.54346219645
03183;LE MONTET;03240;;LE MONTET;46.4062028922,3.0541000253
03104;DOYET;03170;;DOYET;46.3433946285,2.79161075003
03184;MONTILLY;03000;;MONTILLY;46.610528559,3.24005745558
03108;ECHASSIERES;03330;;ECHASSIERES;46.1956641038,2.94596916837
03187;MONTOLDRE;03150;;MONTOLDRE;46.3375770064,3.45102443628
03114;LA FERTE HAUTERIVE;03340;;LA FERTE HAUTERIVE;46.396159353,3.3355449517
03190;MOULINS;03000;;MOULINS;46.5624641056,3.32662040221
03115;FLEURIEL;03140;;FLEURIEL;46.2870292399,3.16169451004
03192;NADES;03450;;NADES;46.1542506646,2.96861834904
03117;FRANCHESSE;03160;;FRANCHESSE;46.6436566411,3.03662004358
03194;NAVES;03330;;NAVES;46.1760532799,3.11644371952
03120;GARNAT SUR ENGIEVRE;03230;;GARNAT SUR ENGIEVRE;46.6348166525,3.66797467464
03195;NERIS LES BAINS;03310;;NERIS LES BAINS;46.2994420207,2.67574785449
03121;GENNETINES;03400;;GENNETINES;46.6296398798,3.40498318638
03201;NIZEROLLES;03250;;NIZEROLLES;46.1072966632,3.64408039597
03128;HURIEL;03380;;HURIEL;46.3770986154,2.48198364823
03205;PERIGNY;03120;;PERIGNY;46.2466695762,3.56039743926
03131;ISSERPENT;03120;;ISSERPENT;46.1542955213,3.61825876933
03212;QUINSSAINES;03380;;QUINSSAINES;46.3092023874,2.49444625529
03135;LALIZOLLE;03450;;LALIZOLLE;46.1646303512,3.00825559496
03218;ST AUBIN LE MONIAL;03160;;ST AUBIN LE MONIAL;46.535765709,3.00144398409
03136;LAMAIDS;03380;;LAMAIDS;46.3040091673,2.43816762566
03220;ST BONNET DE ROCHEFORT;03800;;ST BONNET DE ROCHEFORT;46.1505309834,3.14079379444
03137;LANGY;03150;;LANGY;46.2728774328,3.46181153336
03227;ST DIDIER LA FORET;03110;;ST DIDIER LA FORET;46.2294445001,3.33625437059
03139;LAPRUGNE;03250;;LAPRUGNE;45.9937136705,3.76308018051
03230;ST ETIENNE DE VICQ;03300;;ST ETIENNE DE VICQ;46.1731804107,3.53616252147
03140;LAVAULT STE ANNE;03100;;LAVAULT STE ANNE;46.3086016059,2.60160340266
03235;ST GERAND LE PUY;03150;;ST GERAND LE PUY;46.2637640044,3.51175451596
03142;LENAX;03130;;LENAX;46.3039709752,3.83067027438
03239;ST LEGER SUR VOUZANCE;03130;;ST LEGER SUR VOUZANCE;46.4092021906,3.93725507717
03143;LETELON;03360;;LETELON;46.6563542672,2.59495618457
03250;ST PIERRE LAVAL;42620;;ST PIERRE LAVAL;46.1954561376,3.77027031369
03146;LIMOISE;03320;;LIMOISE;46.6841966516,3.05488887781
03258;ST REMY EN ROLLAT;03110;;ST REMY EN ROLLAT;46.1924635321,3.38335990994
03150;LOUROUX BOURBONNAIS;03350;;LOUROUX BOURBONNAIS;46.5340787528,2.8385482758
03264;ST YORRE;03270;;ST YORRE;46.0642575713,3.46749665689
03156;LUSIGNY;03230;;LUSIGNY;46.5717045071,3.48949898102
03265;SALIGNY SUR ROUDON;03470;;SALIGNY SUR ROUDON;46.4629712549,3.75125723141
03158;HAUT BOCAGE;03190;LOUROUX HODEMENT;HAUT BOCAGE;46.4928636302,2.65852361334
03268;SAULZET;03800;;SAULZET;46.1377242918,3.22134877309
03158;HAUT BOCAGE;03190;MAILLET;HAUT BOCAGE;46.4928636302,2.65852361334
03273;SEUILLET;03260;;SEUILLET;46.2045684264,3.46787844535
03159;MALICORNE;03600;;MALICORNE;46.3072678602,2.77027684739
03284;THIONNE;03220;;THIONNE;46.4118104465,3.57326147664
03160;MARCENAT;03260;;MARCENAT;46.237174267,3.39703242692
03297;VALLON EN SULLY;03190;;VALLON EN SULLY;46.5401383727,2.61674884517
03165;LE MAYET DE MONTAGNE;03250;;LE MAYET DE MONTAGNE;46.0602181682,3.65546570851
03301;VAUX;03190;;VAUX;46.4214002132,2.57435492547
03167;MAZIRAT;03420;;MAZIRAT;46.2185045574,2.55398563
03303;VENAS;03190;;VENAS;46.4727802173,2.76726504
03174;MOLLES;03300;;MOLLES;46.1150413617,3.55648495184
03306;LE VERNET;03200;;LE VERNET;46.1067527363,3.47492140254
03176;MONETAY SUR ALLIER;03500;;MONETAY SUR ALLIER;46.3810175167,3.28932554471
03307;VERNEUIL EN BOURBONNAIS;03500;;VERNEUIL EN BOURBONNAIS;46.3540600283,3.25057881171
03181;MONTCOMBROUX LES MINES;03130;;MONTCOMBROUX LES MINES;46.3606934499,3.72808957144
03312;VIEURE;03430;;VIEURE;46.5001110432,2.88222237454
03189;MONTVICQ;03170;;MONTVICQ;46.315678912,2.82223124184
03315;VILLEFRANCHE D ALLIER;03430;;VILLEFRANCHE D ALLIER;46.3963110357,2.84126895926
03202;NOYANT D ALLIER;03210;;NOYANT D ALLIER;46.4796760503,3.11878325467
03320;YGRANDE;03160;;YGRANDE;46.5497137895,2.94199693043
03208;LE PIN;03130;;LE PIN;46.4222179747,3.88958660139
04001;AIGLUN;04510;;AIGLUN;44.0638744567,6.13842845338
03213;REUGNY;03190;;REUGNY;46.458404964,2.61328894387
04004;ALLEMAGNE EN PROVENCE;04500;;ALLEMAGNE EN PROVENCE;43.7887902464,6.03091832001
03214;ROCLES;03240;;ROCLES;46.4445146062,3.03677199137
04005;ALLONS;04170;;ALLONS;43.9803884973,6.59032744238
03219;ST BONNET DE FOUR;03390;;ST BONNET DE FOUR;46.314979417,2.90455342628
04006;ALLOS;04260;;ALLOS;44.2614961379,6.62671789984
03224;ST CLEMENT;03250;;ST CLEMENT;46.0577534847,3.7219179861
04013;AUBIGNOSC;04200;;AUBIGNOSC;44.1182449561,5.95734484907
03229;ST ENNEMOND;03400;;ST ENNEMOND;46.6808991637,3.40446807688
04020;BARLES;04140;;BARLES;44.2730280199,6.25325743878
03231;ST FARGEOL;03420;;ST FARGEOL;46.1343424286,2.63071732014
04025;BEAUVEZER;04370;;BEAUVEZER;44.1439752737,6.5977277471
03233;ST GENEST;03310;;ST GENEST;46.2634149323,2.60320533651
04030;BLIEUX;04330;;BLIEUX;43.8746274845,6.36279670798
03237;ST GERMAIN DE SALLES;03140;;ST GERMAIN DE SALLES;46.1871001813,3.22053975584
04032;BRAUX;04240;;BRAUX;43.993034454,6.69941127815
03243;ST MARCEL EN MURAT;03390;;ST MARCEL EN MURAT;46.3216708939,3.00484402977
04036;LE BRUSQUET;04420;;LE BRUSQUET;44.1681621392,6.30347351863
03249;ST PALAIS;03370;;ST PALAIS;46.4403223251,2.30568571701
04039;CASTELLANE;04120;EOULX;CASTELLANE;43.8449862174,6.49029842016
03251;ST PLAISIR;03160;;ST PLAISIR;46.6243818392,2.95587034653
04039;CASTELLANE;04120;TALOIRE;CASTELLANE;43.8449862174,6.49029842016
03253;ST POURCAIN SUR BESBRE;03290;;ST POURCAIN SUR BESBRE;46.4817772858,3.64933142149
04043;VAL DE CHALVAGNE;04320;VILLEVIEILLE;VAL DE CHALVAGNE;43.9046374337,6.76578520195
03254;ST POURCAIN SUR SIOULE;03500;;ST POURCAIN SUR SIOULE;46.3045094327,3.30537827054
04050;CHATEAUFORT;04250;;CHATEAUFORT;44.2750461186,6.0296701152
03255;ST PRIEST D ANDELOT;03800;;ST PRIEST D ANDELOT;46.0765718864,3.15433929793
04051;CHATEAUNEUF MIRAVAIL;04200;;CHATEAUNEUF MIRAVAIL;44.153315213,5.71757262461
03261;STE THERENCE;03420;;STE THERENCE;46.2433906142,2.57271161868
04057;CLAMENSANE;04250;;CLAMENSANE;44.3282663642,6.07850180008
03262;ST VICTOR;03410;;ST VICTOR;46.3882767935,2.60941319336
04061;COLMARS;04370;;COLMARS LES ALPES;44.1724272821,6.6615406144
03277;TARGET;03140;;TARGET;46.2848407144,3.04794632227
04062;LA CONDAMINE CHATELARD;04530;;LA CONDAMINE CHATELARD;44.4627686721,6.69629170403
03283;THIEL SUR ACOLIN;03230;;THIEL SUR ACOLIN;46.5311020411,3.57823760672
04067;CUREL;04200;;CUREL;44.1766055073,5.67267464668
03285;TORTEZAIS;03430;;TORTEZAIS;46.4456252579,2.87340721419
04070;DIGNE LES BAINS;04000;LES DOURBES;DIGNE LES BAINS;44.0908723554,6.23590323452
03288;TREIGNAT;03380;;TREIGNAT;46.3483905337,2.3521991874
04073;ENCHASTRAYES;04400;;ENCHASTRAYES;44.3640085405,6.71028980662
03289;TRETEAU;03220;;TRETEAU;46.3677104422,3.51996970707
04075;ENTREPIERRES;04200;ST SYMPHORIEN;ENTREPIERRES;44.1956537173,6.02224124199
03292;TRONGET;03240;;TRONGET;46.418633391,3.08862365583
04081;ESPARRON DE VERDON;04800;;ESPARRON DE VERDON;43.7438250286,5.98891639232
03294;USSEL D ALLIER;03140;;USSEL D ALLIER;46.2103626484,3.18945634007
04086;FAUCON DE BARCELONNETTE;04400;;FAUCON DE BARCELONNETTE;44.4135826726,6.67868075997
03296;VALIGNY;03360;;VALIGNY;46.7156221865,2.82039123195
04097;LA JAVIE;04000;ESCLANGON;LA JAVIE;44.1971990157,6.32157607452
03298;VARENNES SUR ALLIER;03150;;VARENNES SUR ALLIER;46.3170256578,3.40012828582
04102;LE LAUZET UBAYE;04340;;LE LAUZET UBAYE;44.432913878,6.41942527455
03300;VAUMAS;03220;;VAUMAS;46.4484082735,3.6241176484
04104;LIMANS;04300;;LIMANS;43.986604993,5.72366425789
03310;VICHY;03200;;VICHY;46.1300051383,3.42442081174
04113;MARCOUX;04420;;MARCOUX;44.128219237,6.28007885939
03311;VICQ;03450;;VICQ;46.1471274068,3.09596954152
04116;LES MEES;04190;;LES MEES;43.9944767361,5.96601755581
03317;VIPLAIX;03370;;VIPLAIX;46.461810965,2.36975422763
04126;MONTCLAR;04140;;MONTCLAR;44.401613844,6.34112805174
03319;VOUSSAC;03140;;VOUSSAC;46.3256833709,3.07336455653
04128;MONTFURON;04110;;MONTFURON;43.831580084,5.68859318549
04019;BARCELONNETTE;04400;;BARCELONNETTE;44.3785614205,6.65215089713
04136;LA MURE ARGENS;04170;;LA MURE ARGENS;44.0166107784,6.53196701824
04021;BARRAS;04380;;BARRAS;44.1006575617,6.09850212835
04137;NIBLES;04250;;NIBLES;44.2892541829,6.00872621678
04023;BAYONS;04250;ASTOIN;BAYONS;44.3249277264,6.17282537759
04139;NOYERS SUR JABRON;04200;;NOYERS SUR JABRON;44.1686523521,5.80998243978
04023;BAYONS;04250;REYNIER;BAYONS;44.3249277264,6.17282537759
04141;ONGLES;04230;;ONGLES;44.0314259831,5.72480881412
04024;BEAUJEU;04420;;BEAUJEU;44.2185950386,6.37119806932
04142;OPPEDETTE;04110;;OPPEDETTE;43.9306604764,5.59274330363
04033;UBAYE SERRE PONCON;04340;ST VINCENT LES FORTS;UBAYE SERRE PONCON;44.4434662119,6.28924750363
04151;PIERRERUE;04300;;PIERRERUE;43.9623331645,5.83601873141
04039;CASTELLANE;04120;;CASTELLANE;43.8449862174,6.49029842016
04157;PUIMOISSON;04410;;PUIMOISSON;43.8708152829,6.12200213815
04042;CASTELLET LES SAUSSES;04320;;CASTELLET LES SAUSSES;44.0403038573,6.73450900533
04158;QUINSON;04500;;QUINSON;43.7080624854,6.02269492276
04045;CERESTE;04280;;CERESTE;43.8503161664,5.58976926214
04160;REILLANNE;04110;;REILLANNE;43.8861362182,5.65935415272
04047;CHAMPTERCIER;04660;;CHAMPTERCIER;44.096935134,6.14456451427
04181;ST JEANNET;04270;;ST JEANNET;43.9793220173,6.11801552777
04049;CHATEAU ARNOUX ST AUBAN;04600;ST AUBAN;CHATEAU ARNOUX ST AUBAN;44.0854706133,5.99239535024
04187;ST LIONS;04330;;ST LIONS;43.9786318012,6.40627740741
04068;DAUPHIN;04300;;DAUPHIN;43.8932434369,5.776452248
04189;ST MARTIN DE BROMES;04800;;ST MARTIN DE BROMES;43.7774768739,5.96250175121
04069;DEMANDOLX;04120;;DEMANDOLX;43.8698630954,6.57440592456
04191;ST MARTIN LES SEYNE;04140;;ST MARTIN LES SEYNE;44.3827202732,6.2555532059
04072;DRAIX;04420;;DRAIX;44.1299391525,6.37179977607
04192;ST MICHEL L OBSERVATOIRE;04870;;ST MICHEL L OBSERVATOIRE;43.909879406,5.72004315449
04074;ENTRAGES;04000;;ENTRAGES;44.0379332734,6.26880026038
04195;ST PONS;04400;;ST PONS;44.4172713189,6.61507424866
04075;ENTREPIERRES;04200;;ENTREPIERRES;44.1956537173,6.02224124199
04199;ST VINCENT SUR JABRON;04200;;ST VINCENT SUR JABRON;44.1697659083,5.74794765286
04077;ENTREVENNES;04700;;ENTREVENNES;43.9378972717,6.03380903148
04207;SIGOYER;04200;;SIGOYER;44.3223711513,5.96102816265
04087;FONTIENNE;04230;;FONTIENNE;44.0068634181,5.79382501149
04216;THEZE;04200;;THEZE;44.3297532432,5.92502310147
04088;FORCALQUIER;04300;;FORCALQUIER;43.9599082374,5.7882827572
04228;VALAVOIRE;04250;;VALAVOIRE;44.2795099462,6.07615731535
04108;MALIJAI;04510;CHENERILLES;MALIJAI;44.0336660524,6.0504243737
04234;VENTEROL;05130;;VENTEROL;44.4423460092,6.0873850138
04112;MANOSQUE;04100;;MANOSQUE;43.8354040831,5.79106654173
04240;VILLARS COLMARS;04370;;VILLARS COLMARS;44.198291615,6.56876674305
04115;MEAILLES;04240;;MEAILLES;44.0401459693,6.64532905257
04242;VILLENEUVE;04180;;VILLENEUVE;43.8957056864,5.85732128727
04122;MIRABEAU;04510;;MIRABEAU;44.0562295958,6.08015931568
05008;ASPREMONT;05140;;ASPREMONT;44.4929345499,5.72022682239
04140;LES OMERGUES;04200;;LES OMERGUES;44.1527454808,5.5893705894
05013;BARCILLONNETTE;05110;;BARCILLONNETTE;44.4300646552,5.90582685015
04144;LA PALUD SUR VERDON;04120;;LA PALUD SUR VERDON;43.796648297,6.32708874551
05016;LA BATIE MONTSALEON;05700;;LA BATIE MONTSALEON;44.4559449966,5.74903304625
04145;PEIPIN;04200;LES BONS ENFANTS;PEIPIN;44.1413026547,5.9437147381
05039;AUBESSAGNE;05800;CHAUFFAYER;AUBESSAGNE;44.7581501379,6.01187494014
04161;MEOLANS REVEL;04340;REVEL;MEOLANS REVEL;44.3714312017,6.49846404885
05050;ESPINASSES;05190;;ESPINASSES;44.4931786054,6.23271348149
04166;RIEZ;04500;;RIEZ;43.8284587474,6.08237819985
05053;GARDE COLOMBE;05300;ST GENIS;GARDE COLOMBE;44.3570512046,5.78336490177
04167;LA ROBINE SUR GALABRE;04000;;LA ROBINE SUR GALABRE;44.1927329945,6.23038435702
05056;FOREST ST JULIEN;05260;;FOREST ST JULIEN;44.6298014381,6.14107531251
04167;LA ROBINE SUR GALABRE;04000;AINAC;LA ROBINE SUR GALABRE;44.1927329945,6.23038435702
05059;LA FREISSINOUSE;05000;;LA FREISSINOUSE;44.535534165,6.00812804583
04167;LA ROBINE SUR GALABRE;04000;LAMBERT;LA ROBINE SUR GALABRE;44.1927329945,6.23038435702
05061;GAP;05000;;GAP;44.5798600596,6.06486052138
04167;LA ROBINE SUR GALABRE;04000;TANARON;LA ROBINE SUR GALABRE;44.1927329945,6.23038435702
05072;LAYE;05500;;LAYE;44.6417417308,6.07103943315
04171;ROUGON;04120;;ROUGON;43.7966594802,6.39318145128
05089;MONTROND;05700;;MONTROND;44.3867626789,5.74626176371
04184;ST JURS;04410;;ST JURS;43.8990474204,6.19288088982
05095;LE NOYER;05500;;LE NOYER;44.6999993894,6.00102694215
04190;ST MARTIN LES EAUX;04300;;ST MARTIN LES EAUX;43.8719702944,5.74137178032
05099;OZE;05400;;OZE;44.5058294764,5.79875486134
04204;SENEZ;04270;LE POIL;SENEZ;43.9224978199,6.36903371255
05100;PELLEAUTIER;05000;;PELLEAUTIER;44.5102662977,5.99877739937
04214;TARTONNE;04330;;TARTONNE;44.0784663763,6.3839310068
05106;PRUNIERES;05230;;PRUNIERES;44.5433412641,6.33640431241
04217;THOARD;04380;;THOARD;44.1473006003,6.12401298333
05109;PUY ST PIERRE;05100;;PUY ST PIERRE;44.8973152572,6.60470761793
04226;UVERNET FOURS;04400;FOURS;UVERNET FOURS;44.3191132083,6.67028443403
05111;PUY SANIERES;05200;;PUY SANIERES;44.5556949894,6.43667418858
04227;VACHERES;04110;;VACHERES;43.9467491617,5.63529437
05116;REOTIER;05600;;REOTIER;44.6813566833,6.56457884975
04229;VALBELLE;04200;;VALBELLE;44.1371207692,5.87627669795
05118;VAL BUECH MEOUGE;05300;CHATEAUNEUF DE CHABRE;VAL BUECH MEOUGE;44.2207910151,5.84342231314
04237;LE VERNET;04140;;LE VERNET;44.2766068334,6.40297525512
05118;VAL BUECH MEOUGE;05300;RIBIERS;VAL BUECH MEOUGE;44.2207910151,5.84342231314
04245;VOLX;04130;;VOLX;43.8706676132,5.83153973779
05123;LA ROCHE DES ARNAUDS;05400;;LA ROCHE DES ARNAUDS;44.5838170428,5.96045927972
05004;ANCELLE;05260;;ANCELLE;44.6190703929,6.22962169969
05132;ST BONNET EN CHAMPSAUR;05500;;ST BONNET EN CHAMPSAUR;44.6823269908,6.10286050171
05022;BREZIERS;05190;;BREZIERS;44.4210530909,6.22281621001
05132;ST BONNET EN CHAMPSAUR;05500;LES INFOURNAS;ST BONNET EN CHAMPSAUR;44.6823269908,6.10286050171
05024;VALDOULE;05150;MONTMORIN;VALDOULE;44.4677366709,5.50388863719
05139;LE DEVOLUY;05250;LA CLUSE;LE DEVOLUY;44.6775419763,5.94047368781
05024;VALDOULE;05150;STE MARIE;VALDOULE;44.4677366709,5.50388863719
05139;LE DEVOLUY;05250;ST ETIENNE EN DEVOLUY;LE DEVOLUY;44.6775419763,5.94047368781
05028;CHABESTAN;05400;;CHABESTAN;44.4775755934,5.78305319582
05147;ST JULIEN EN CHAMPSAUR;05500;;ST JULIEN EN CHAMPSAUR;44.6685288872,6.129921943
05044;CREVOUX;05200;;CREVOUX;44.5376065379,6.62470372696
05149;ST LEGER LES MELEZES;05260;;ST LEGER LES MELEZES;44.6468761009,6.21171867053
05047;EOURRES;05300;;EOURRES;44.2138373403,5.72894553965
05166;SERRES;05700;;SERRES;44.4213858087,5.71549751124
05048;L EPINE;05700;;L EPINE;44.4248796516,5.61094352039
05168;SIGOYER;05130;;SIGOYER;44.4802333692,5.96951792615
05063;LA GRAVE;05320;;LA GRAVE;45.0601102401,6.28406977587
05176;VALSERRES;05130;;VALSERRES;44.4892842965,6.13789393583
05070;LARAGNE MONTEGLIN;05300;;LARAGNE MONTEGLIN;44.3340345431,5.81650957133
06004;ANTIBES;06160;CAP D ANTIBES;ANTIBES;43.587465146,7.10635418256
05074;LETTRET;05130;;LETTRET;44.4811639998,6.07258452754
06004;ANTIBES;06600;;ANTIBES;43.587465146,7.10635418256
05075;MANTEYER;05400;;MANTEYER;44.5333321119,5.94989667477
06004;ANTIBES;06600;LA FONTONNE;ANTIBES;43.587465146,7.10635418256
05076;MEREUIL;05700;;MEREUIL;44.3839741469,5.71259098721
06021;BONSON;06830;;BONSON;43.8622934824,7.1827870979
05090;LA MOTTE EN CHAMPSAUR;05500;;LA MOTTE EN CHAMPSAUR;44.7407367523,6.12930149849
06025;LE BROC;06510;;LE BROC;43.8147822086,7.15907633922
05102;LA PIARRE;05700;;LA PIARRE;44.4784087163,5.64803205429
06031;CANTARON;06340;;CANTARON;43.7712030999,7.31316892728
05104;POLIGNY;05500;;POLIGNY;44.6848876675,6.03431860597
06044;LA COLLE SUR LOUP;06480;;LA COLLE SUR LOUP;43.6871701387,7.09773643833
05127;ROUSSET;05190;;ROUSSET;44.4843785512,6.2666913091
06049;COURMES;06620;;COURMES;43.7525533793,7.01737606418
05132;ST BONNET EN CHAMPSAUR;05500;BENEVENT ET CHARBILLAC;ST BONNET EN CHAMPSAUR;44.6823269908,6.10286050171
06060;FALICON;06950;;FALICON;43.752536584,7.26554536957
05135;STE COLOMBE;05700;;STE COLOMBE;44.2889272211,5.66834974647
06065;LA GAUDE;06610;;LA GAUDE;43.721423765,7.16039926444
05142;ST FIRMIN;05800;;ST FIRMIN EN VALGODEMARD;44.7934858148,6.02571058056
06072;ILONSE;06420;;ILONSE;44.0347982787,7.08976475841
05156;ST SAUVEUR;05200;;ST SAUVEUR;44.5365820455,6.52920301665
06075;LEVENS;06670;PLAN DU VAR;LEVENS;43.8500976014,7.24033027327
05159;SALEON;05300;;SALEON;44.3201551058,5.77527169353
06080;MARIE;06420;;MARIE;44.0346077069,7.15744653179
05169;SORBIERS;05150;;SORBIERS;44.3625387102,5.57325324553
06084;MOUANS SARTOUX;06370;;MOUANS SARTOUX;43.6185304023,6.96494426706
05179;VEYNES;05400;;VEYNES;44.5571529708,5.82286002514
06085;MOUGINS;06250;;MOUGINS;43.5961410556,7.00129444919
05183;VILLAR ST PANCRACE;05100;;VILLAR ST PANCRACE;44.8395685825,6.65048294053
06088;NICE;06100;;NICE;43.7119992661,7.23826889465
06003;ANDON;06750;THORENC;ANDON;43.7769856778,6.82318647257
06088;NICE;06200;ST ISIDORE;NICE;43.7119992661,7.23826889465
06004;ANTIBES;06160;JUAN LES PINS;ANTIBES;43.587465146,7.10635418256
06088;NICE;06200;ST ROMAN DE BELLET;NICE;43.7119992661,7.23826889465
06005;ASCROS;06260;;ASCROS;43.9193423,7.01550684755
06094;PEONE;06470;VALBERG;PEONE;44.1299250439,6.92098583862
06010;LE BAR SUR LOUP;06620;;LE BAR SUR LOUP;43.6992943088,6.96272779051
06103;ROQUEBILLIERE;06450;;ROQUEBILLIERE;44.0270951827,7.29269467197
06013;BELVEDERE;06450;;BELVEDERE;44.0564872239,7.37383120022
06105;ROQUEFORT LES PINS;06330;;ROQUEFORT LES PINS;43.6741732535,7.0530127273
06027;CAGNES SUR MER;06800;;CAGNES SUR MER;43.6715162078,7.15275703379
06107;LA ROQUE EN PROVENCE;06910;;LA ROQUE EN PROVENCE;43.8491534174,6.99011980424
06032;CAP D AIL;06320;;CAP D AIL;43.7247392327,7.40161617522
06109;LA ROQUETTE SUR VAR;06670;;LA ROQUETTE SUR VAR;43.8332735566,7.20466243305
06035;CASTELLAR;06500;;CASTELLAR;43.8220566609,7.49891571145
06111;ROURE;06420;;ROURE;44.1189138677,7.06680296507
06036;CASTILLON;06500;;CASTILLON;43.8361451105,7.46455247487
06114;ST ANDRE DE LA ROCHE;06730;;ST ANDRE DE LA ROCHE;43.745876244,7.28871372647
06039;CHATEAUNEUF VILLEVIEILLE;06390;;CHATEAUNEUF VILLEVIEILLE;43.7999098278,7.29412423176
06116;ST AUBAN;06850;;ST AUBAN;43.8309790119,6.74006506104
06045;COLLONGUES;06910;;COLLONGUES;43.8935981177,6.86383142444
06120;ST ETIENNE DE TINEE;06660;AURON;ST ETIENNE DE TINEE;44.2491492809,6.92452445063
06056;ENTRAUNES;06470;;ENTRAUNES;44.2146960621,6.76292204018
06122;ST JEANNET;06640;;ST JEANNET;43.758845389,7.14073211756
06056;ENTRAUNES;06470;ESTEING;ENTRAUNES;44.2146960621,6.76292204018
06124;ST LEGER;06260;;ST LEGER;44.0026597689,6.82309684994
06058;ESCRAGNOLLES;06460;;ESCRAGNOLLES;43.7294033373,6.7833728891
06127;ST MARTIN VESUBIE;06450;;ST MARTIN VESUBIE;44.1020722047,7.30244071608
06066;GILETTE;06830;;GILETTE;43.8481962471,7.1613234113
06133;SAUZE;06470;;SAUZE;44.0852199876,6.80072324584
06067;GORBIO;06500;;GORBIO;43.7860281963,7.44603824995
06134;SERANON;06750;LE LOGIS DU PIN;SERANON;43.7656662777,6.6904329696
06068;GOURDON;06620;;GOURDON;43.7242493778,6.96356065093
06136;SOSPEL;06380;;SOSPEL;43.8844607415,7.44794904955
06069;GRASSE;06130;LE PLAN DE GRASSE;GRASSE;43.655639428,6.93190508233
06150;LA TURBIE;06320;;LA TURBIE;43.7451419024,7.39791811712
06070;GREOLIERES;06620;;GREOLIERES;43.8070006506,6.93196496167
06151;UTELLE;06450;;UTELLE;43.9273181411,7.23864462941
06071;GUILLAUMES;06470;;GUILLAUMES;44.088068317,6.87493501534
06157;VENCE;06140;;VENCE;43.7384640641,7.10194436087
06073;ISOLA;06420;;ISOLA;44.1872585336,7.07488062255
06162;LA BRIGUE;06430;;LA BRIGUE;44.0714555606,7.65147828925
06074;LANTOSQUE;06450;;LANTOSQUE;43.9706457549,7.30485730116
07001;ACCONS;07160;;ACCONS;44.8885328213,4.39242968382
06078;MALAUSSENE;06710;;MALAUSSENE;43.9153232562,7.14112063451
07003;AIZAC;07530;;AIZAC;44.7196762414,4.3306729158
06079;MANDELIEU LA NAPOULE;06210;;MANDELIEU LA NAPOULE;43.5380510468,6.91808936542
07004;AJOUX;07000;;AJOUX;44.7550573905,4.48565370819
06083;MENTON;06500;;MENTON;43.7908233727,7.49365612374
07006;ALBON D ARDECHE;07190;;ALBON D ARDECHE;44.8152938105,4.42503897561
06089;OPIO;06650;;OPIO;43.6575610719,7.00860864158
07013;ARDOIX;07290;;ARDOIX;45.1913605655,4.74320427692
06090;PEGOMAS;06580;;PEGOMAS;43.5865553156,6.92224837943
07028;BEAULIEU;07460;;BEAULIEU;44.3546311078,4.25062082781
06092;PEILLON;06440;;PEILLON;43.7727352898,7.3714797073
07032;BERZEME;07580;;BERZEME;44.6552336996,4.57203294139
06095;PEYMEINADE;06530;;PEYMEINADE;43.6305294544,6.88166520884
07033;BESSAS;07150;;BESSAS;44.3375930033,4.2983262809
06110;ROUBION;06420;;ROUBION;44.1085047639,7.02802973178
07040;BOUCIEU LE ROI;07270;;BOUCIEU LE ROI;45.0288428449,4.68820163954
06113;STE AGNES;06500;;STE AGNES;43.8055344567,7.46128496982
07049;LE CHAMBON;07160;;LE CHAMBON;44.8299065845,4.29925007724
06118;ST CEZAIRE SUR SIAGNE;06530;;ST CEZAIRE SUR SIAGNE;43.6594259137,6.80329376165
07054;CHANEAC;07310;;CHANEAC;44.9300424452,4.30692688194
06130;ST VALLIER DE THIEY;06460;;ST VALLIER DE THIEY;43.696895033,6.85062748704
07056;CHARNAS;07340;;CHARNAS;45.342858843,4.73157804984
06135;SIGALE;06910;;SIGALE;43.8757999129,6.96558618108
07064;LE CHEYLARD;07160;;LE CHEYLARD;44.9076391858,4.42108479359
06138;THEOULE SUR MER;06590;;THEOULE SUR MER;43.4985345439,6.92965248383
07072;COUX;07000;;COUX;44.7432838199,4.62306333755
06142;TOUET DE L ESCARENE;06440;;TOUET DE L ESCARENE;43.8520343234,7.37799210413
07077;DARBRES;07170;;DARBRES;44.6599554077,4.51592801942
06144;LA TOUR;06420;;LA TOUR;43.9626877314,7.19994914649
07092;FREYSSENET;07000;;FREYSSENET;44.6886194228,4.54695114844
06145;TOURETTE DU CHATEAU;06830;;TOURETTE DU CHATEAU;43.8782752079,7.13734511498
07093;GENESTELLE;07530;;GENESTELLE;44.7366148286,4.38522824539
06147;TOURRETTE LEVENS;06690;;TOURRETTE LEVENS;43.7860737213,7.2725568209
07098;GOURDON;07000;;GOURDON;44.7294058074,4.45478498235
06153;VALDEBLORE;06420;;VALDEBLORE;44.1127596533,7.19571891201
07100;GRAVIERES;07140;;GRAVIERES;44.4213974082,4.07179678867
06163;TENDE;06430;;TENDE;44.0997669286,7.54053179417
07103;ST JULIEN D INTRES;07310;INTRES;ST JULIEN D INTRES;44.9864739922,4.3441511813
06163;TENDE;06430;ST DALMAS DE TENDE;TENDE;44.0997669286,7.54053179417
07105;ISSANLAS;07660;;ISSANLAS;44.7669383227,4.01543417126
07015;ARRAS SUR RHONE;07370;;ARRAS SUR RHONE;45.1436776654,4.8036312124
07106;ISSARLES;07470;;ISSARLES;44.8523471555,4.05339793965
07017;LES ASSIONS;07140;;LES ASSIONS;44.4254776855,4.1848933711
07110;JOYEUSE;07260;;JOYEUSE;44.470531994,4.24753667585
07019;AUBENAS;07200;;AUBENAS;44.6102127084,4.39638981424
07113;LABASTIDE DE VIRAC;07150;;LABASTIDE DE VIRAC;44.3533257557,4.41978848183
07022;BAIX;07210;;BAIX;44.7063788805,4.75106497533
07114;LABATIE D ANDAURE;07570;;LABATIE D ANDAURE;45.0327655678,4.49525714027
07024;BANNE;07460;;BANNE;44.3607782702,4.15113804507
07116;LABEGUDE;07200;;LABEGUDE;44.6420481125,4.35738052578
07027;BEAUCHASTEL;07800;;BEAUCHASTEL;44.8294995047,4.79715382132
07133;LARNAS;07220;;LARNAS;44.4543456079,4.59606913482
07031;BERRIAS ET CASTELJAU;07460;CASTELJAU;BERRIAS ET CASTELJAU;44.3832302552,4.20749715425
07136;LAVEYRUNE;48250;;LAVEYRUNE;44.6207258816,3.91933819175
07042;BOURG ST ANDEOL;07700;;BOURG ST ANDEOL;44.3830866916,4.61398365069
07138;LAVILLEDIEU;07170;;LAVILLEDIEU;44.5821673927,4.44782050169
07060;CHATEAUNEUF DE VERNOUX;07240;;CHATEAUNEUF DE VERNOUX;44.9249240478,4.64219110032
07141;LENTILLERES;07200;;LENTILLERES;44.6092419896,4.29820132309
07065;CHIROLS;07380;;CHIROLS;44.6879981327,4.2951862476
07143;LIMONY;07340;;LIMONY;45.3534326814,4.75026547747
07070;CORNAS;07130;;CORNAS;44.9664601048,4.84063933956
07144;LOUBARESSE;07110;;LOUBARESSE;44.5912762985,4.05088477316
07071;COUCOURON;07470;;COUCOURON;44.7949192399,3.96166497009
07157;MEYSSE;07400;;MEYSSE;44.6193386638,4.71649252868
07074;CREYSSEILLES;07000;;CREYSSEILLES;44.7598496931,4.53023781121
07163;MONTSELGUES;07140;;MONTSELGUES;44.5332760746,4.0037872182
07080;DEVESSET;07320;;DEVESSET;45.0660987902,4.39288168953
07165;BELSENTES;07160;ST JULIEN LABROUSSE;BELSENTES;44.9277079206,4.47689363843
07082;DORNAS;07160;;DORNAS;44.8519150741,4.35842422121
07168;ORGNAC L AVEN;07150;;ORGNAC L AVEN;44.3101002443,4.42369715287
07084;ECLASSAN;07370;;ECLASSAN;45.1606533164,4.74888485543
07173;PEREYRES;07450;;PEREYRES;44.7797076255,4.26098772626
07086;ETABLES;07300;;ETABLES;45.0948570024,4.73950529738
07176;PLANZOLLES;07230;;PLANZOLLES;44.4862153265,4.15764539553
07089;FELINES;07340;;FELINES;45.3160676288,4.72706276274
07179;POURCHERES;07000;;POURCHERES;44.7392683074,4.50440952703
07096;GLUIRAS;07190;;GLUIRAS;44.8455602063,4.52583208054
07183;PRADONS;07120;;PRADONS;44.473019743,4.37584445661
07097;GLUN;07300;;GLUN;45.0070163516,4.82465206981
07187;PRUNET;07110;;PRUNET;44.5954398585,4.25387564472
07101;GROSPIERRES;07120;;GROSPIERRES;44.3930827383,4.28692737418
07191;ROCHEMAURE;07400;;ROCHEMAURE;44.589264353,4.69211996285
07103;ST JULIEN D INTRES;07320;INTRES;ST JULIEN D INTRES;44.9864739922,4.3441511813
07195;LA ROCHETTE;07310;;LA ROCHETTE;44.9217587491,4.23164949821
07104;ISSAMOULENC;07190;;ISSAMOULENC;44.7883137241,4.45570599159
07196;ROCLES;07110;;ROCLES;44.5680037839,4.20813131738
07105;ISSANLAS;07510;;ISSANLAS;44.7669383227,4.01543417126
07197;ROIFFIEUX;07100;;ROIFFIEUX;45.2189397431,4.64922144398
07107;JAUJAC;07380;;JAUJAC;44.6298203979,4.23815139749
07219;ST BAUZILE;07210;;ST BAUZILE;44.672668231,4.66869584538
07109;JOANNAS;07110;;JOANNAS;44.5725478202,4.24633374271
07220;ST CHRISTOL;07160;;ST CHRISTOL;44.8696306888,4.43824066016
07111;JUVINAS;07600;;JUVINAS;44.7043758122,4.3072836289
07230;ST ETIENNE DE BOULOGNE;07200;;ST ETIENNE DE BOULOGNE;44.7003919648,4.47316819572
07126;LAGORCE;07150;;LAGORCE;44.4449016448,4.43141639823
07232;ST ETIENNE DE LUGDARES;07590;;ST ETIENNE DE LUGDARES;44.6472996058,3.97320731219
07137;LAVILLATTE;07660;;LAVILLATTE;44.7411283435,3.95196079179
07235;STE EULALIE;07510;;STE EULALIE;44.8287147176,4.18597793288
07142;LESPERON;07660;;LESPERON;44.7342873614,3.89547616799
07237;ST FORTUNAT SUR EYRIEUX;07360;;ST FORTUNAT SUR EYRIEUX;44.8349868514,4.68914271532
07145;LUSSAS;07170;;LUSSAS;44.6192177092,4.46630461903
07244;ST JEAN CHAMBRE;07240;;ST JEAN CHAMBRE;44.9083362092,4.5616408271
07146;LYAS;07000;;LYAS;44.7568405764,4.59691440375
07247;ST JEAN LE CENTENIER;07580;;ST JEAN LE CENTENIER;44.5873773407,4.53812653504
07150;MARIAC;07160;;MARIAC;44.8859638189,4.35337034088
07253;ST JULIEN DU GUA;07190;;ST JULIEN DU GUA;44.7707970545,4.44037521655
07156;MEYRAS;07380;;MEYRAS;44.677562906,4.26001410237
07261;ST LAURENT DU PAPE;07800;;ST LAURENT DU PAPE;44.8232083643,4.7449478067
07158;MEZILHAC;07530;;MEZILHAC;44.8068921216,4.34184721755
07267;ST MARTIAL;07310;;ST MARTIAL;44.8627438374,4.25132239874
07188;QUINTENAS;07290;;QUINTENAS;45.1922513246,4.69504598366
07269;ST MARTIN DE VALAMAS;07310;;ST MARTIN DE VALAMAS;44.9365910249,4.37076169199
07198;ROMPON;07800;;ROMPON;44.7787195427,4.73009856646
07273;ST MAURICE D IBIE;07170;;ST MAURICE D IBIE;44.4835993539,4.4824459032
07199;ROSIERES;07260;;ROSIERES;44.492135712,4.26203943269
07275;ST MELANY;07260;;ST MELANY;44.5391165984,4.12911827009
07201;RUOMS;07120;;RUOMS;44.4479030757,4.34786189328
07277;ST MICHEL DE BOULOGNE;07200;;ST MICHEL DE BOULOGNE;44.6991000225,4.4327463684
07202;SABLIERES;07260;;SABLIERES;44.5437864312,4.06325976737
07278;ST MICHEL DE CHABRILLANOUX;07360;;ST MICHEL DE CHABRILLANOUX;44.8373734527,4.61203758015
07203;SAGNES ET GOUDOULET;07450;;SAGNES ET GOUDOULET;44.8014042397,4.215812246
07300;ST THOME;07220;;ST THOME;44.5023905897,4.61908212557
07204;ST AGREVE;07320;;ST AGREVE;45.0052980637,4.41285687419
07312;SECHERAS;07610;;SECHERAS;45.1291892251,4.77685404459
07213;ST ANDRE LACHAMP;07230;;ST ANDRE LACHAMP;44.5075453223,4.15221275695
07313;SERRIERES;07340;;SERRIERES;45.313905067,4.7629922758
07215;ST BARTHELEMY LE MEIL;07160;;ST BARTHELEMY LE MEIL;44.884662739,4.47884532485
07334;LES VANS;07140;;LES VANS;44.392206287,4.11524168722
07216;ST BARTHELEMY GROZON;07270;;ST BARTHELEMY GROZON;44.9596196474,4.64950098004
07334;LES VANS;07140;BRAHIC;LES VANS;44.392206287,4.11524168722
07218;ST BASILE;07270;;ST BASILE;44.9490355283,4.56160011901
07337;VERNOSC LES ANNONAY;07430;;VERNOSC LES ANNONAY;45.2215835502,4.72347943452
07229;ST DIDIER SOUS AUBENAS;07200;;ST DIDIER SOUS AUBENAS;44.6117595327,4.42022719051
07343;VINEZAC;07110;;VINEZAC;44.5464277181,4.33294323997
07231;ST ETIENNE DE FONTBELLON;07200;;ST ETIENNE DE FONTBELLON;44.5985890529,4.37388980251
08023;ARTAISE LE VIVIER;08390;;ARTAISE LE VIVIER;49.5719309826,4.89264459284
07238;ST GENEST DE BEAUZON;07230;;ST GENEST DE BEAUZON;44.4451273836,4.18697019048
08024;ASFELD;08190;;ASFELD;49.473325858,4.12377173054
07243;ST JACQUES D ATTICIEUX;07340;;ST JACQUES D ATTICIEUX;45.3318263343,4.66333060833
08025;ATTIGNY;08130;;ATTIGNY;49.4761720465,4.58492485149
07251;ST JOSEPH DES BANCS;07530;;ST JOSEPH DES BANCS;44.748161488,4.41397525518
08028;AUBRIVES;08320;;AUBRIVES;50.0873542875,4.76694917171
07254;ST JULIEN DU SERRE;07200;;ST JULIEN DU SERRE;44.6600211072,4.40395881158
08029;AUFLANCE;08370;;AUFLANCE;49.6152631354,5.29558462267
07262;ST LAURENT BAINS LAVAL D AURELLE;07590;ST LAURENT LES BAINS;ST LAURENT BAINS LAVAL D AURELLE;44.5971365641,3.95806929863
08031;AURE;08400;;AURE;49.2765437387,4.6239215772
07263;ST LAURENT SOUS COIRON;07170;;ST LAURENT SOUS COIRON;44.6641637879,4.48470756924
08034;AUTRECOURT ET POURRON;08210;;AUTRECOURT ET POURRON;49.6066112918,5.01792506561
07264;ST MARCEL D ARDECHE;07700;;ST MARCEL D ARDECHE;44.3299965394,4.60656490626
08036;AUTRY;08250;;AUTRY;49.265704992,4.8311535079
07274;ST MAURICE EN CHALENCON;07190;;ST MAURICE EN CHALENCON;44.8548081951,4.58245400667
08048;BARBY;08300;;BARBY;49.5250969786,4.31538215563
07276;ST MICHEL D AURANCE;07160;;ST MICHEL D AURANCE;44.8987179716,4.45675877839
08049;BAR LES BUZANCY;08240;;BAR LES BUZANCY;49.446594391,4.95764414152
07279;ST MONTAN;07220;;ST MONTAN;44.4341193457,4.63258472487
08053;BAZEILLES;08140;;BAZEILLES;49.6774342411,4.98515455089
07283;ST PIERRE LA ROCHE;07400;;ST PIERRE LA ROCHE;44.6539287603,4.6218849184
08053;BAZEILLES;08140;RUBECOURT ET LAMECOURT;BAZEILLES;49.6774342411,4.98515455089
07288;ST PRIEST;07000;;ST PRIEST;44.7131469303,4.53562187216
08060;BERGNICOURT;08300;;BERGNICOURT;49.4194188436,4.24742333455
07294;ST SAUVEUR DE CRUZIERES;07460;;ST SAUVEUR DE CRUZIERES;44.2949958385,4.25831849321
08073;BOSSUS LES RUMIGNY;08290;;BOSSUS LES RUMIGNY;49.8398418664,4.25581170778
07296;ST SERNIN;07200;;ST SERNIN;44.5764544041,4.38197564257
08074;BOUCONVILLE;08250;;BOUCONVILLE;49.2583527847,4.77291946342
07303;ST VINCENT DE DURFORT;07360;;ST VINCENT DE DURFORT;44.7919043427,4.63828690293
08078;BOURG FIDELE;08230;;BOURG FIDELE;49.8889233145,4.55443692603
07308;SARRAS;07370;;SARRAS;45.1872505321,4.78407766188
08088;BULSON;08450;;BULSON;49.6288213726,4.91421651084
07310;SAVAS;07430;;SAVAS;45.3013144956,4.67282946981
08096;CHALANDRY ELAIRE;08160;;CHALANDRY ELAIRE;49.7077474752,4.75646154251
07311;SCEAUTRES;07400;;SCEAUTRES;44.6167012065,4.60776940667
08099;CHAMPIGNEUL SUR VENCE;08430;;CHAMPIGNEUL SUR VENCE;49.7043891652,4.66376922101
07325;UCEL;07200;;UCEL;44.6426743916,4.38805305163
08100;CHAMPLIN;08260;;CHAMPLIN;49.8350055566,4.32636290916
07328;VAGNAS;07150;;VAGNAS;44.3596132039,4.34424564679
08110;LE CHATELET SUR SORMONNE;08150;;LE CHATELET SUR SORMONNE;49.8401358132,4.51748909775
07332;VALVIGNERES;07400;;VALVIGNERES;44.5005207324,4.56110237736
08113;CHAUMONT PORCIEN;08220;;CHAUMONT PORCIEN;49.6486344865,4.23823742678
07334;LES VANS;07140;CHASSAGNES;LES VANS;44.392206287,4.11524168722
08115;CHEMERY CHEHERY;08450;CHEMERY SUR BAR;CHEMERY CHEHERY;49.6121866829,4.86796266494
07335;VAUDEVANT;07410;;VAUDEVANT;45.1081841616,4.60737715144
08122;CHOOZ;08600;;CHOOZ;50.0907731291,4.80080378655
07336;VERNON;07260;;VERNON;44.506232057,4.2261837868
08124;CLAVY WARBY;08460;;CLAVY WARBY;49.7451097313,4.54792951567
07341;VILLENEUVE DE BERG;07170;;VILLENEUVE DE BERG;44.549017078,4.50337369457
08126;CONDE LES HERPY;08360;;CONDE LES HERPY;49.5425026908,4.19795434047
07345;VION;07610;;VION;45.1117422465,4.79854763187
08130;CONTREUVE;08400;;CONTREUVE;49.3619911598,4.61559567137
08004;AIRE;08190;;AIRE;49.4707483815,4.16388872575
08139;DEVILLE;08800;;DEVILLE;49.8750647112,4.69366948073
08011;ANCHAMPS;08500;;ANCHAMPS;49.9247359313,4.66426745168
08144;DOUX;08300;;DOUX;49.516603776,4.42838018465
08013;ANGECOURT;08450;;ANGECOURT;49.6350718482,4.97725786194
08163;FAISSAULT;08270;;FAISSAULT;49.6089496847,4.50566340675
08018;ARDEUIL ET MONTFAUXELLES;08400;;ARDEUIL ET MONTFAUXELLES;49.26723401,4.70481330264
08172;FLIGNY;08380;;FLIGNY;49.8835632271,4.26492638229
08032;AUSSONCE;08310;;AUSSONCE;49.3455509602,4.32720413528
08173;FLIZE;08160;BOUTANCOURT;FLIZE;49.6952977524,4.77517346922
08040;LES AYVELLES;08000;;LES AYVELLES;49.7217923857,4.75240985606
08179;FRANCHEVAL;08140;;FRANCHEVAL;49.720311451,5.07545452741
08045;BALLAY;08400;;BALLAY;49.4216971928,4.75197348184
08182;LE FRETY;08290;;LE FRETY;49.734490847,4.26196353021
08047;BARBAISE;08430;;BARBAISE;49.6766851443,4.57966392629
08185;FUMAY;08170;;FUMAY;49.9726262845,4.66006812542
08056;BEFFU ET LE MORTHOMME;08250;;BEFFU ET LE MORTHOMME;49.372094938,4.89223564312
08192;GIVRON;08220;;GIVRON;49.6564549525,4.29619414129
08061;LA BERLIERE;08240;;LA BERLIERE;49.526668904,4.93724494551
08193;GIVRY;08130;;GIVRY;49.4889972004,4.53139534067
08062;BERTONCOURT;08300;;BERTONCOURT;49.5391943846,4.40140045221
08198;GRANDPRE;08250;;GRANDPRE;49.3557413178,4.86541939254
08067;BLAGNY;08110;;BLAGNY;49.6239121874,5.19807738578
08198;GRANDPRE;08250;TERMES;GRANDPRE;49.3557413178,4.86541939254
08070;BLANZY LA SALONNAISE;08190;;BLANZY LA SALONNAISE;49.4878479316,4.19048684048
08203;GUIGNICOURT SUR VENCE;08430;;GUIGNICOURT SUR VENCE;49.6886825808,4.63302128326
08077;BOURCQ;08400;;BOURCQ;49.3822218647,4.61799279484
08204;GUINCOURT;08130;;GUINCOURT;49.5563378123,4.62813425759
08090;CARIGNAN;08110;;CARIGNAN;49.6387329311,5.1718269254
08205;HAGNICOURT;08430;;HAGNICOURT;49.6109645612,4.58423752594
08092;CAUROY;08310;;CAUROY;49.3512411409,4.45940865282
08207;HAM SUR MEUSE;08600;;HAM SUR MEUSE;50.0894618864,4.78296461056
08103;CHARBOGNE;08130;;CHARBOGNE;49.5061470622,4.59006670557
08212;HARCY;08150;;HARCY;49.8527000599,4.55802852688
08104;CHARDENY;08400;;CHARDENY;49.4194659277,4.59579314559
08214;HARGNIES;08170;;HARGNIES;50.0091831933,4.79099611271
08105;CHARLEVILLE MEZIERES;08000;;CHARLEVILLE MEZIERES;49.7752965803,4.71724655966
08220;HAUVINE;08310;;HAUVINE;49.3159803218,4.41170841421
08113;CHAUMONT PORCIEN;08220;WADIMONT;CHAUMONT PORCIEN;49.6486344865,4.23823742678
08223;HERBEUVAL;08370;;HERBEUVAL;49.6014736891,5.35301379214
08133;COUCY;08300;;COUCY;49.5095800024,4.46207840046
08225;HERPY L ARLESIENNE;08360;;HERPY L ARLESIENNE;49.5259538637,4.18823352667
08148;L ECAILLE;08300;;L ECAILLE;49.4095997981,4.20955430997
08229;HOUDILCOURT;08190;;HOUDILCOURT;49.4226756545,4.1256886512
08151;ECORDAL;08130;;ECORDAL;49.5343083794,4.58778435914
08238;JONVAL;08130;;JONVAL;49.5691976392,4.66304334779
08154;ESTREBAY;08260;;ESTREBAY;49.8253440088,4.34568774297
08242;LAIFOUR;08800;LA PETITE COMMUNE;LAIFOUR;49.902088382,4.69565397804
08156;ETEIGNIERES;08260;;ETEIGNIERES;49.8907338972,4.40306549202
08247;LANDRICHAMPS;08600;;LANDRICHAMPS;50.0794047362,4.82747884196
08162;FAGNON;08090;;FAGNON;49.7325267992,4.61914614937
08250;LEFFINCOURT;08310;;LEFFINCOURT;49.3814874349,4.55085342469
08166;FEPIN;08170;;FEPIN;50.0221616884,4.70723354036
08251;LEPRON LES VALLEES;08150;;LEPRON LES VALLEES;49.749207,4.45628552785
08168;LA FERTE SUR CHIERS;08370;;LA FERTE SUR CHIERS;49.5723724698,5.24000841484
08254;LIART;08290;;LIART;49.7612029643,4.34152094033
08169;FLAIGNES HAVYS;08260;HAVYS;FLAIGNES HAVYS;49.8189516311,4.39912003911
08256;LIRY;08400;;LIRY;49.3047517017,4.6426157479
08170;FLEIGNEUX;08200;;FLEIGNEUX;49.7761707649,4.96364089015
08262;LUCQUY;08300;;LUCQUY;49.5371334292,4.47628128678
08173;FLIZE;08160;;FLIZE;49.6952977524,4.77517346922
08273;MARBY;08260;;MARBY;49.8351105906,4.42694488413
08174;FLOING;08200;;FLOING;49.7233281136,4.93287278052
08279;MARS SOUS BOURCQ;08400;;MARS SOUS BOURCQ;49.4008386029,4.64097483841
08175;FOISCHES;08600;;FOISCHES;50.129087843,4.77469221045
08284;LES MAZURES;08500;;LES MAZURES;49.8968391326,4.63190460974
08184;FROMY;08370;;FROMY;49.6013937108,5.25624601587
08286;MENIL ANNELLES;08310;;MENIL ANNELLES;49.4366027969,4.44985286744
08187;GERNELLE;08440;;GERNELLE;49.7731869901,4.82389442529
08296;MONTCHEUTIN;08250;;MONTCHEUTIN;49.2882211618,4.80310887786
08191;GIVONNE;08200;;GIVONNE;49.732476511,4.99727933761
08302;MONTHERME;08800;;MONTHERME;49.8995880396,4.74792062514
08196;GRANDCHAMP;08270;;GRANDCHAMP;49.6525314481,4.40676539021
08311;MOUZON;08210;;MOUZON;49.5898672379,5.07669736879
08219;HAUTEVILLE;08300;;HAUTEVILLE;49.5827671359,4.2987122942
08318;LA NEUVILLE AUX JOUTES;08380;;LA NEUVILLE AUX JOUTES;49.9331443854,4.24087440967
08230;HOULDIZY;08090;;HOULDIZY;49.812785683,4.6695029327
08327;NOUVION SUR MEUSE;08160;;NOUVION SUR MEUSE;49.708839768,4.79759753674
08232;ILLY;08200;;ILLY;49.7575218759,4.98043472837
08329;NOVION PORCIEN;08270;;NOVION PORCIEN;49.5959529049,4.42856653433
08233;IMECOURT;08240;;IMECOURT;49.3711784415,4.97493982778
08333;OLIZY PRIMAT;08250;;OLIZY PRIMAT;49.3578421825,4.78297338685
08234;INAUMONT;08300;;INAUMONT;49.5628562714,4.31902902428
08334;OMICOURT;08450;;OMICOURT;49.6297467119,4.82675764027
08242;LAIFOUR;08800;;LAIFOUR;49.902088382,4.69565397804
08335;OMONT;08430;;OMONT;49.5934262613,4.73941860083
08249;LAVAL MORENCY;08150;;LAVAL MORENCY;49.8301398821,4.49355605109
08336;OSNES;08110;;OSNES;49.6585879647,5.15768970071
08272;MARANWEZ;08460;;MARANWEZ;49.727693434,4.34150288978
08349;PURE;08110;;PURE;49.6818291341,5.18018679003
08281;MATTON ET CLEMENCY;08110;;MATTON ET CLEMENCY;49.6763970622,5.22558942774
08373;RUMIGNY;08290;;RUMIGNY;49.8046346416,4.27087313138
08288;MESMONT;08270;;MESMONT;49.6185115837,4.3990996122
08381;ST GERMAINMONT;08190;;ST GERMAINMONT;49.5206305047,4.13492327626
08293;MOIRY;08370;;MOIRY;49.6001021932,5.27891887123
08385;ST LAURENT;08090;;ST LAURENT;49.759138963,4.77607432501
08298;MONTCY NOTRE DAME;08090;;MONTCY NOTRE DAME;49.7906751202,4.74345986239
08388;ST MARCEAU;08160;;ST MARCEAU;49.7064000301,4.720080151
08302;MONTHERME;08800;LES HAUTS BUTTES;MONTHERME;49.8995880396,4.74792062514
08391;ST MENGES;08200;;ST MENGES;49.759865829,4.93156116451
08304;MONTIGNY SUR MEUSE;08170;;MONTIGNY SUR MEUSE;50.047712335,4.7107437226
08394;ST PIERREMONT;08240;;ST PIERREMONT;49.4891932273,4.94533489491
08305;MONTIGNY SUR VENCE;08430;;MONTIGNY SUR VENCE;49.6451389564,4.61254914109
08404;SAULT ST REMY;08190;;SAULT ST REMY;49.4246765802,4.15669310399
08306;MONT LAURENT;08130;;MONT LAURENT;49.4637340301,4.47834727509
08405;SAUVILLE;08390;;SAUVILLE;49.5508316655,4.78667759397
08309;MONT ST REMY;08310;;MONT ST REMY;49.3867440492,4.4768822942
08407;SECHAULT;08250;;SECHAULT;49.2714856559,4.73688759461
08310;MOURON;08250;;MOURON;49.3152143572,4.78476402519
08412;SENUC;08250;;SENUC;49.3080610685,4.85209059171
08321;NEUVILLE DAY;08130;;NEUVILLE DAY;49.5000423938,4.69190726788
08413;SERAINCOURT;08220;;SERAINCOURT;49.6220794201,4.18799249278
08322;NEUVILLE LES THIS;08090;;NEUVILLE LES THIS;49.7327847632,4.58984068094
08415;SERY;08270;;SERY;49.5893011177,4.36138115369
08326;NOUART;08240;;NOUART;49.4505639742,5.05484805727
08417;SEVIGNY LA FORET;08230;;SEVIGNY LA FORET;49.8792027455,4.47923063972
08330;NOVY CHEVRIERES;08300;;NOVY CHEVRIERES;49.5461151318,4.44233077955
08427;SORBON;08300;;SORBON;49.5514575157,4.37200155561
08332;OCHES;08240;;OCHES;49.5072452442,4.92861182903
08429;SORMONNE;08150;;SORMONNE;49.8083418844,4.56343699968
08333;OLIZY PRIMAT;08250;PRIMAT;OLIZY PRIMAT;49.3578421825,4.78297338685
08431;SUGNY;08400;;SUGNY;49.3554291298,4.66082182219
08339;PERTHES;08300;;PERTHES;49.4486431408,4.35514092983
08434;SY;08390;;SY;49.5140552485,4.87192502711
08342;POURU AUX BOIS;08140;;POURU AUX BOIS;49.7100198144,5.09834036842
08435;TAGNON;08300;;TAGNON;49.4497696397,4.2922571776
08343;POURU ST REMY;08140;;POURU ST REMY;49.6809685609,5.08867231139
08438;TAIZY;08360;;TAIZY;49.5106550755,4.25851649147
08344;PREZ;08290;LA CERLEAU;PREZ;49.8014597717,4.36121089611
08448;THILAY;08800;;THILAY;49.8995068878,4.80748273961
08347;PUILLY ET CHARBEAUX;08370;;PUILLY ET CHARBEAUX;49.6363781013,5.27519284704
08448;THILAY;08800;NOHAN;THILAY;49.8995068878,4.80748273961
08356;REMAUCOURT;08220;;REMAUCOURT;49.6012128351,4.23209127771
08449;THIN LE MOUTIER;08460;;THIN LE MOUTIER;49.7150524983,4.51191807216
08358;REMILLY LES POTHEES;08150;;REMILLY LES POTHEES;49.7839350894,4.54735597538
08452;THUGNY TRUGNY;08300;;THUGNY TRUGNY;49.4774101682,4.42112351465
08365;RIMOGNE;08150;;RIMOGNE;49.8387403616,4.53539067168
08453;TOGES;08400;;TOGES;49.4255298264,4.78533693531
08366;ROCQUIGNY;08220;;ROCQUIGNY;49.7003603712,4.24698300901
08458;TOURTERON;08130;;TOURTERON;49.5406354028,4.64242519656
08367;ROCROI;08230;;ROCROI;49.9315002925,4.55842430748
08462;VAUX CHAMPAGNE;08130;;VAUX CHAMPAGNE;49.4463918173,4.54892328965
08368;ROIZY;08190;;ROIZY;49.4259330532,4.18557721616
08466;VAUX LES MOUZON;08210;;VAUX LES MOUZON;49.60312563,5.13703497339
08370;ROUVROY SUR AUDRY;08150;SERVION;ROUVROY SUR AUDRY;49.7853360056,4.50242620208
08468;VAUX VILLAINE;08150;;VAUX VILLAINE;49.7691050274,4.4726961277
08383;ST JUVIN;08250;;ST JUVIN;49.3375839286,4.95354630856
08480;VILLERS SEMEUSE;08000;;VILLERS SEMEUSE;49.7411448562,4.7510548564
08384;ST LAMBERT ET MONT DE JEUX;08130;;ST LAMBERT ET MONT DE JEUX;49.4980282741,4.62474617403
08486;VIREUX MOLHAIN;08320;;VIREUX MOLHAIN;50.0772550914,4.70502555078
08386;ST LOUP EN CHAMPAGNE;08300;;ST LOUP EN CHAMPAGNE;49.4528238096,4.21534946763
08490;VOUZIERS;08400;VRIZY;VOUZIERS;49.4000316087,4.70126283768
08392;ST MOREL;08400;;ST MOREL;49.3388158737,4.69739675474
08503;YVERNAUMONT;08430;;YVERNAUMONT;49.6747132911,4.66268790823
08406;SAVIGNY SUR AISNE;08400;;SAVIGNY SUR AISNE;49.359523814,4.72150823362
09001;AIGUES JUNTES;09240;;AIGUES JUNTES;43.0506179616,1.47151123009
08411;SEMUY;08130;;SEMUY;49.4956881485,4.66294910211
09013;ARABAUX;09000;;ARABAUX;42.980519234,1.63390482016
08419;SIGNY L ABBAYE;08460;LIBRECY;SIGNY L ABBAYE;49.7029435011,4.40415204398
09018;ARROUT;09800;;ARROUT;42.9475606635,1.01996413494
08420;SIGNY LE PETIT;08380;LA GRUERIE;SIGNY LE PETIT;49.9309499097,4.2990463026
09024;ASTON;09310;;ASTON;42.680832026,1.65945312513
08428;SORCY BAUTHEMONT;08270;;SORCY BAUTHEMONT;49.5413667574,4.53840369427
09026;AUDRESSEIN;09800;;AUDRESSEIN;42.9305094861,1.02016808143
08436;TAILLETTE;08230;;TAILLETTE;49.9272427923,4.47480367257
09027;AUGIREIN;09800;;AUGIREIN;42.9108818851,0.916808840124
08437;TAILLY;08240;BARRICOURT;TAILLY;49.4074530876,5.06834679927
09048;BELLOC;09600;;BELLOC;43.0072443769,1.93332486097
08440;TARZY;08380;;TARZY;49.8762495136,4.29660246007
09052;BESSET;09500;;BESSET;43.072738948,1.84596031443
08445;THELONNE;08350;;THELONNE;49.6482212901,4.94566360048
09060;BONNAC;09100;;BONNAC;43.1726271399,1.58703667646
08446;THENORGUES;08240;;THENORGUES;49.4060946457,4.92137626366
09063;LE BOSC;09000;;LE BOSC;42.9329534185,1.44571486476
08457;TOURNES;08090;;TOURNES;49.7992413246,4.63988652343
09067;BRIE;09700;;BRIE;43.2070860138,1.51654093771
08463;VAUX EN DIEULET;08240;;VAUX EN DIEULET;49.4785340396,4.9918664976
09070;LES CABANNES;09310;;LES CABANNES;42.7860666312,1.68644152228
08465;VAUX LES RUBIGNY;08220;;VAUX LES RUBIGNY;49.6904205323,4.18309988343
09071;CADARCET;09240;;CADARCET;43.0136914773,1.50207192139
08469;VENDRESSE;08160;;VENDRESSE;49.6036580688,4.79161432829
09072;CALZAN;09120;;CALZAN;43.0326048013,1.74084762651
08469;VENDRESSE;08160;LA CASSINE;VENDRESSE;49.6036580688,4.79161432829
09074;CAMON;09500;;CAMON;43.021523452,1.96173407084
08471;VERRIERES;08390;;VERRIERES;49.4959923626,4.88538309039
09076;CANTE;09700;;CANTE;43.2487009717,1.52354253407
08472;VIEL ST REMY;08270;;VIEL ST REMY;49.632572198,4.48367438059
09082;CASTELNAU DURBAN;09420;;CASTELNAU DURBAN;42.9928317992,1.33850962777
08473;VIEUX LES ASFELD;08190;;VIEUX LES ASFELD;49.4510393454,4.10610399621
09085;CASTILLON EN COUSERANS;09800;;CASTILLON EN COUSERANS;42.9165658331,1.05571963783
08479;VILLERS LE TOURNEUR;08430;;VILLERS LE TOURNEUR;49.6220295169,4.56406530841
09086;CAUMONT;09160;;CAUMONT;43.024099366,1.07931622344
08481;VILLERS SUR BAR;08350;;VILLERS SUR BAR;49.6817820293,4.85514229057
09090;CAZAUX;09120;;CAZAUX;43.0532282657,1.51928694563
08485;VILLY;08370;;VILLY;49.59384897,5.2214022788
09097;CLERMONT;09420;;CLERMONT;43.0372197049,1.29061556438
08490;VOUZIERS;08400;BLAISE;VOUZIERS;49.4000316087,4.70126283768
09104;DALOU;09120;;DALOU;43.0288762332,1.64821776091
08491;VRIGNE AUX BOIS;08330;;VRIGNE AUX BOIS;49.7370150528,4.85605381662
09108;DURBAN SUR ARIZE;09240;;DURBAN SUR ARIZE;43.0204997035,1.34729463737
08494;WADELINCOURT;08200;;WADELINCOURT;49.6805479174,4.93056331877
09110;ENCOURTIECH;09200;;ENCOURTIECH;42.9635581924,1.19263328033
09002;AIGUES VIVES;09600;;AIGUES VIVES;43.0006575328,1.87695638902
09119;EYCHEIL;09200;;EYCHEIL;42.9553633761,1.15625348151
09003;L AIGUILLON;09300;;L AIGUILLON;42.9097070011,1.90052351136
09128;GAJAN;09190;;GAJAN;43.0372259317,1.13491653966
09005;ALEU;09320;;ALEU;42.893742098,1.26749393485
09130;GANAC;09000;;GANAC;42.9307441238,1.55979316845
09006;ALLIAT;09400;;ALLIAT;42.8159020056,1.58114167435
09139;L HOSPITALET PRES L ANDORRE;09390;;L HOSPITALET PRES L ANDORRE;42.595464483,1.7777228207
09019;ARTIGAT;09130;;ARTIGAT;43.1431527184,1.44685366225
09142;ILHAT;09300;;ILHAT;42.9512575133,1.7851302515
09031;AXIAT;09250;;AXIAT;42.7997046069,1.76100321573
09151;LANOUX;09130;;LANOUX;43.1200797845,1.42372651979
09032;AX LES THERMES;09110;;AX LES THERMES;42.6873576342,1.81825994194
09154;LARBONT;09240;;LARBONT;42.9931704458,1.40017931392
09039;LA BASTIDE DE BOUSIGNAC;09500;;LA BASTIDE DE BOUSIGNAC;43.0585487701,1.88443383803
09159;LASSUR;09310;;LASSUR;42.7411070071,1.71830324497
09041;LA BASTIDE DU SALAT;09160;;LA BASTIDE DU SALAT;43.0614872214,1.00017697542
09161;LERAN;09600;;LERAN;42.9847156991,1.91842200411
09045;BEDEILHAC ET AYNAT;09400;;BEDEILHAC ET AYNAT;42.8795852019,1.56719798954
09163;LESCOUSSE;09100;;LESCOUSSE;43.1491432364,1.51328236533
09062;BORDES UCHENTEIN;09800;UCHENTEIN;BORDES UCHENTEIN;42.8335034576,1.03424218178
09164;LESCURE;09420;;LESCURE;43.0086403307,1.24160413045
09065;BOUSSENAC;09320;;BOUSSENAC;42.9078454205,1.39109839522
09171;LORDAT;09250;;LORDAT;42.7985041105,1.78455165815
09073;CAMARADE;09290;;CAMARADE;43.0693773441,1.27737161361
09183;MAUVEZIN DE PRAT;09160;;MAUVEZIN DE PRAT;43.0324532484,0.992112596886
09081;LE CARLARET;09100;;LE CARLARET;43.1307609911,1.69416376028
09193;MIJANES;09460;;MIJANES;42.7102290438,2.01220690511
09084;CASTEX;09350;;CASTEX;43.1657585272,1.31957552098
09209;MONTJOIE EN COUSERANS;09200;;MONTJOIE EN COUSERANS;43.0152342505,1.17565361444
09087;CAUSSOU;09250;;CAUSSOU;42.7721552831,1.82193324504
09209;MONTJOIE EN COUSERANS;09200;AUDINAC LES BAINS;MONTJOIE EN COUSERANS;43.0152342505,1.17565361444
09093;CELLES;09000;;CELLES;42.916897965,1.6969424831
09212;MONTSERON;09240;;MONTSERON;43.0208884939,1.31655733885
09099;COS;09000;;COS;42.9801592841,1.56921939947
09217;NIAUX;09400;;NIAUX;42.8161799796,1.59941091068
09101;COUSSA;09120;;COUSSA;43.0646378158,1.68939869661
09224;PAILHES;09130;;PAILHES;43.1002752651,1.44680858932
09107;DUN;09600;MERVIEL;DUN;43.0256431764,1.79296928754
09232;PRADES;09110;;PRADES;42.7908714582,1.86049568072
09113;ERCE;09140;;ERCE;42.8341376861,1.30310687762
09244;RIEUCROS;09500;;RIEUCROS;43.0760375517,1.76327077527
09124;LE FOSSAT;09130;;LE FOSSAT;43.1796907844,1.41506357343
09245;RIEUX DE PELLEPORT;09120;;RIEUX DE PELLEPORT;43.0579984327,1.59934492972
09143;ILLIER ET LARAMADE;09220;;ILLIER ET LARAMADE;42.7879303453,1.54250853578
09246;RIMONT;09420;;RIMONT;42.9878381325,1.28379661881
09165;LESPARROU;09300;;LESPARROU;42.9276359247,1.93926031529
09262;ST JEAN D AIGUES VIVES;09300;;ST JEAN D AIGUES VIVES;42.9189081448,1.87680686803
09169;LIMBRASSAC;09600;;LIMBRASSAC;43.0110104704,1.84353239924
09263;ST JEAN DU CASTILLONNAIS;09800;;ST JEAN DU CASTILLONNAIS;42.9521955213,0.928566795359
09174;LOUBIERES;09000;;LOUBIERES;43.0097766189,1.59427619307
09264;ST JEAN DE VERGES;09000;VILLENEUVE DU BOSC;ST JEAN DE VERGES;43.0129896461,1.63277165832
09175;LUDIES;09100;;LUDIES;43.1204279792,1.71727869146
09266;ST JULIEN DE GRAS CAPOU;09500;;ST JULIEN DE GRAS CAPOU;43.0367157947,1.85651898742
09184;MAUVEZIN DE STE CROIX;09230;;MAUVEZIN DE STE CROIX;43.0768014168,1.23243008757
09270;ST MARTIN D OYDES;09100;;ST MARTIN D OYDES;43.1661314489,1.48369592125
09188;MERCUS GARRABET;09400;;MERCUS GARRABET;42.8795171828,1.6442180232
09271;ST MICHEL;09100;;ST MICHEL;43.1325345547,1.50200100913
09189;MERENS LES VALS;09110;;MERENS LES VALS;42.6279300711,1.83436205641
09272;ST PAUL DE JARRAT;09000;;ST PAUL DE JARRAT;42.8959154584,1.67206872652
09196;MONTAGAGNE;09240;;MONTAGAGNE;42.9638469564,1.41313214864
09273;ST PIERRE DE RIVIERE;09000;;ST PIERRE DE RIVIERE;42.9664677033,1.55739954781
09198;MONTARDIT;09230;;MONTARDIT;43.0695601112,1.18585733449
09292;SENTENAC DE SEROU;09240;;SENTENAC DE SEROU;42.9454493638,1.3950868349
09203;MONTELS;09240;;MONTELS;43.0059500308,1.46985998541
09297;SOR;09800;;SOR;42.9194982505,1.01182252209
09214;MOULIS;09200;;MOULIS;42.9438845213,1.09852869482
09299;SOUEIX ROGALLE;09140;;SOUEIX ROGALLE;42.8967635679,1.19463483145
09234;PRADIERES;09000;;PRADIERES;42.9611572235,1.65602192048
09299;SOUEIX ROGALLE;09140;ROGALLE;SOUEIX ROGALLE;42.8967635679,1.19463483145
09238;LES PUJOLS;09100;;LES PUJOLS;43.0917243273,1.71845001991
09303;SURBA;09400;;SURBA;42.8596289181,1.5816290081
09239;QUERIGUT;09460;;QUERIGUT;42.6833720456,2.11436748471
09310;THOUARS SUR ARIZE;09350;;THOUARS SUR ARIZE;43.1819071244,1.23707299493
09251;ROUMENGOUX;09500;;ROUMENGOUX;43.0761211234,1.92438263558
09312;LA TOUR DU CRIEU;09100;;LA TOUR DU CRIEU;43.1046663015,1.6669791178
09254;ST AMADOU;09100;;ST AMADOU;43.1112959391,1.71491289388
09320;URS;09310;;URS;42.778113198,1.73489746587
09255;ST AMANS;09100;;ST AMANS;43.1595834502,1.5479581856
09325;VAYCHIS;09110;;VAYCHIS;42.7440162413,1.82180762746
09258;ST FELIX DE RIEUTORD;09120;;ST FELIX DE RIEUTORD;43.0441550256,1.66977441855
09329;VERNAJOUL;09000;;VERNAJOUL;42.9930828905,1.59212252039
09260;STE FOI;09500;;STE FOI;43.1257603127,1.9172086969
09334;VAL DE SOS;09220;SUC ET SENTENAC;VAL DE SOS;42.7733893717,1.51114862986
09261;ST GIRONS;09200;;ST GIRONS;42.9752923045,1.15326595533
09339;VILLENEUVE DU PAREAGE;09100;;VILLENEUVE DU PAREAGE;43.1586748014,1.64287363091
09268;ST LIZIER;09190;;ST LIZIER;42.9998808556,1.12929754476
09340;VIRA;09120;;VIRA;43.0488081188,1.75644029197
09269;ST MARTIN DE CARALP;09000;;ST MARTIN DE CARALP;42.9919399277,1.53796781616
09341;VIVIES;09500;;VIVIES;43.0609822099,1.77874541747
09279;SALSEIN;09800;;SALSEIN;42.9042685919,1.00165723674
10006;ARCIS SUR AUBE;10700;;ARCIS SUR AUBE;48.5278271069,4.14197110248
09280;SAURAT;09400;PRAT COMMUNAL;SAURAT;42.883738441,1.50479848751
10007;ARCONVILLE;10200;;ARCONVILLE;48.156151635,4.72890746398
09284;SEGURA;09120;;SEGURA;43.032230727,1.69275443805
10012;ARSONVAL;10200;;ARSONVAL;48.2796312677,4.65067065173
09290;SENTEIN;09800;;SENTEIN;42.8358878297,0.920341995173
10017;AULNAY;10240;;AULNAY;48.4783453651,4.41533916578
09291;SENTENAC D OUST;09140;;SENTENAC D OUST;42.8662042438,1.14021822329
10019;VAL D AUZON;10220;MONTANGON;VAL D AUZON;48.4004769736,4.35930739825
09293;SERRES SUR ARGET;09000;;SERRES SUR ARGET;42.9701435492,1.5043958432
10023;AVON LA PEZE;10290;;AVON LA PEZE;48.3874423014,3.65147515296
09294;SIEURAS;09130;;SIEURAS;43.1922641286,1.34376526117
10027;BALIGNICOURT;10330;;BALIGNICOURT;48.5295826019,4.45448981807
09296;AULOS SINSAT;09310;SINSAT;AULOS SINSAT;42.8010692971,1.66015755913
10028;BALNOT LA GRANGE;10210;;BALNOT LA GRANGE;47.9884933352,4.19819242962
09300;SOULA;09000;;SOULA;42.9407714858,1.69062685843
10044;BETIGNICOURT;10500;;BETIGNICOURT;48.4499267207,4.45503670756
09305;TABRE;09600;;TABRE;42.9887730653,1.85527536591
10053;BOURANTON;10270;;BOURANTON;48.3149302747,4.1804938417
09306;TARASCON SUR ARIEGE;09400;BANAT;TARASCON SUR ARIEGE;42.8461514685,1.59648461871
10055;BOURGUIGNONS;10110;;BOURGUIGNONS;48.1412628808,4.3624282849
09308;TAURIGNAN VIEUX;09190;;TAURIGNAN VIEUX;43.0434128319,1.11433094449
10057;BOUY SUR ORVIN;10400;;BOUY SUR ORVIN;48.4230447097,3.49742400527
09309;TEILHET;09500;;TEILHET;43.0973378632,1.78252133871
10060;BREVIANDES;10450;;BREVIANDES;48.2562259501,4.10756293028
09311;TIGNAC;09110;;TIGNAC;42.7506713601,1.79915182635
10064;BRIENNE LE CHATEAU;10500;;BRIENNE LE CHATEAU;48.3974195288,4.53928532253
09313;TOURTOUSE;09230;;TOURTOUSE;43.090555845,1.13719287262
10067;BUCHERES;10800;;BUCHERES;48.2364830009,4.11414103262
09316;TROYE D ARIEGE;09500;;TROYE D ARIEGE;43.0211388767,1.88727210169
10070;CELLES SUR OURCE;10110;;CELLES SUR OURCE;48.0738193958,4.42247353986
09321;USSAT;09400;;USSAT;42.8339319836,1.62186318062
10071;CHACENAY;10110;;CHACENAY;48.1073040053,4.53224056056
09326;VEBRE;09310;;VEBRE;42.7696976304,1.71781381664
10075;CHAMPFLEURY;10700;;CHAMPFLEURY;48.6142848196,4.0310704592
09334;VAL DE SOS;09220;VICDESSOS;VAL DE SOS;42.7733893717,1.51114862986
10083;CHAPPES;10260;;CHAPPES;48.1659482698,4.25688351486
09335;VILLENEUVE;09800;;VILLENEUVE;42.9501020691,0.983231865255
10090;CHAUCHIGNY;10170;;CHAUCHIGNY;48.4261431924,3.98046866414
09336;VILLENEUVE D OLMES;09300;;VILLENEUVE D OLMES;42.9114883664,1.82063042142
10099;CHESSY LES PRES;10130;;CHESSY LES PRES;48.0137819738,3.93361482434
10011;ARRENTIERES;10200;;ARRENTIERES;48.2679922026,4.73910370169
10101;COCLOIS;10240;;COCLOIS;48.4708420035,4.33090572683
10018;AUXON;10130;;AUXON;48.0923181622,3.92346188322
10103;COLOMBE LE SEC;10200;;COLOMBE LE SEC;48.2556375156,4.80343883572
10019;VAL D AUZON;10220;VILLEHARDOUIN;VAL D AUZON;48.4004769736,4.35930739825
10105;COURCELLES SUR VOIRE;10500;;COURCELLES SUR VOIRE;48.4822201574,4.52921510366
10022;AVIREY LINGEY;10340;;AVIREY LINGEY;48.028003129,4.29702645691
10110;COURTERANGES;10270;;COURTERANGES;48.2683513867,4.22551791779
10029;BALNOT SUR LAIGNES;10110;;BALNOT SUR LAIGNES;48.0369726727,4.35269608813
10111;COURTERON;10250;;COURTERON;48.0158955868,4.46256663692
10031;BARBUISE;10400;COURTAVANT;BARBUISE;48.5509217232,3.562035391
10120;CUSSANGY;10210;;CUSSANGY;48.0230498915,4.09099167975
10040;BERNON;10130;;BERNON;47.9870798337,3.99246812197
10121;DAMPIERRE;10240;;DAMPIERRE;48.5651902607,4.36459312482
10041;BERTIGNOLLES;10110;;BERTIGNOLLES;48.1367453807,4.51279936147
10122;DAVREY;10130;;DAVREY;48.0459988862,3.96029506309
10042;BERULLE;10160;;BERULLE;48.1707680299,3.6716310036
10125;DIERREY ST PIERRE;10190;;DIERREY ST PIERRE;48.3325291626,3.83136359134
10043;BESSY;10170;;BESSY;48.5413728268,4.02489066641
10128;DONNEMENT;10330;;DONNEMENT;48.519771783,4.42815499728
10045;BEUREY;10140;;BEUREY;48.1758848753,4.47296130877
10148;FERREUX QUINCEY;10400;;FERREUX QUINCEY;48.4624429856,3.60107070347
10052;BOULAGES;10380;;BOULAGES;48.5873035501,3.92269900337
10160;FRAVAUX;10200;;FRAVAUX;48.2361442581,4.64187603164
10056;BOUY LUXEMBOURG;10220;;BOUY LUXEMBOURG;48.3750872651,4.24288832976
10162;FRESNOY LE CHATEAU;10270;;FRESNOY LE CHATEAU;48.2201181209,4.23354437753
10058;BRAGELOGNE BEAUVOIR;10340;BEAUVOIR SUR SARCE;BRAGELOGNE BEAUVOIR;47.9698706523,4.26657498666
10163;FULIGNY;10200;;FULIGNY;48.3403541519,4.69850669182
10074;CHAMOY;10130;;CHAMOY;48.1141180012,3.96559597097
10169;GUMERY;10400;;GUMERY;48.4396051909,3.42197876151